number,time
9317,308.62917923927307
9377,321.01055812835693
9314,330.43732738494873
9310,339.35466504096985
9309,340.3345277309418
9303,337.41896295547485
9379,336.57351303100586
9255,339.7748339176178
-,-
